{"cameraMode":{"drawMode":0,"name":"Shaded","section":"Shading Mode"},"sceneLighting":true,"audioPlay":false,"sceneViewState":{"showFog":true,"showMaterialUpdate":true,"showSkybox":true,"showFlares":true,"showImageEffects":true,"showParticleSystems":true},"in2DMode":false,"pivot":{"x":1.5604305267333985,"y":0.41544297337532046,"z":0.6119728088378906},"rotation":{"x":-0.508623480796814,"y":-0.4912194609642029,"z":0.5086382031440735,"w":-0.49122101068496706},"size":9.304950714111329,"orthographic":false}