{"cameraMode":{"drawMode":0,"name":"Shaded","section":"Shading Mode"},"sceneLighting":true,"audioPlay":false,"sceneViewState":{"showFog":true,"showMaterialUpdate":true,"showSkybox":true,"showFlares":true,"showImageEffects":true,"showParticleSystems":true},"in2DMode":false,"pivot":{"x":-3.8158509731292726,"y":3.62503719329834,"z":-1.1833903789520264},"rotation":{"x":-0.3333462178707123,"y":-0.6222631931304932,"z":0.3313572108745575,"w":-0.6260026693344116},"size":9.399999618530274,"orthographic":false}